<?xml version="1.0" encoding="UTF-8"?>
<!DOCTYPE mapper PUBLIC "-//mybatis.org//DTD Mapper 3.0//EN" "http://mybatis.org/dtd/mybatis-3-mapper.dtd">
<mapper namespace="com.ddcx.app.provider.exam.mapper.ExamRecordMapper">
    <resultMap id="BaseResultMap" type="com.ddcx.model.exam.ExamRecord">
        <!--
          WARNING - @mbg.generated
        -->
        <result column="id" property="id"/>
        <result column="room_address" property="roomAddress"/>
        <result column="user_name" property="userName"/>
        <result column="score" property="score"/>
        <result column="select_true_num" property="selectTrueNum"/>
        <result column="judge_true_num" property="judgeTrueNum"/>
        <result column="state" property="state"/>
        <result column="user_id" property="userId"/>
        <result column="exam_time" property="examTime"/>
        <result column="room_id" property="roomId"/>
    </resultMap>

    <sql id="base_column">
        id ,room_address ,user_name ,score ,select_true_num ,judge_true_num ,state ,user_id,exam_time,room_id
    </sql>

    <insert id="insertReturnId" parameterType="com.ddcx.model.exam.ExamRecord" useGeneratedKeys="true" keyProperty="id" keyColumn="id">
        insert into exam_record
        (room_address ,user_name ,score ,select_true_num ,judge_true_num ,state ,user_id,exam_time,room_id)
        values (#{roomAddress} ,#{userName} ,#{score} ,#{selectTrueNum} ,#{judgeTrueNum} ,#{state} ,#{userId},#{examTime},#{roomId})
    </insert>


</mapper>