<?xml version="1.0" encoding="UTF-8"?>
<!DOCTYPE mapper PUBLIC "-//mybatis.org//DTD Mapper 3.0//EN" "http://mybatis.org/dtd/mybatis-3-mapper.dtd">
<mapper namespace="com.ddcx.app.provider.exam.mapper.UacLearnRecordMapper">
    <resultMap id="BaseResultMap" type="com.ddcx.model.exam.UacLearnRecord">
        <!--
          WARNING - @mbg.generated
        -->
        <result column="id" property="id"/>
        <result column="user_id" property="userId"/>
        <result column="l_i_id" property="lIId"/>
        <result column="duration" property="duration"/>
        <result column="create_time" property="createTime"/>
        <result column="view_duration" property="viewDuration"/>
        <result column="finish" property="finish"/>
    </resultMap>

    <sql id="base_column">
        id ,user_id ,l_i_id ,duration ,create_time ,view_duration ,finish
    </sql>

    <update id="updateDuration" parameterType="com.ddcx.model.exam.UacLearnRecord">
        update uac_learn_record
        <set>
            duration=#{duration},
            <if test="viewDuration!=null" >
                view_duration=#{viewDuration},
            </if>
            <if test="finish!=null" >
                finish=#{finish}
            </if>
        </set>
        where id=#{id}
    </update>



</mapper>