<?xml version="1.0" encoding="UTF-8"?>
<!DOCTYPE mapper PUBLIC "-//mybatis.org//DTD Mapper 3.0//EN" "http://mybatis.org/dtd/mybatis-3-mapper.dtd">
<mapper namespace="com.ddcx.common.provider.mapper.MessageConfigMapper">


    <resultMap id="BaseResultMap" type="com.ddcx.model.common.MessageConfig">
        <!--
          WARNING - @mbg.generated
        -->
        <result column="id" property="id"/>
        <result column="topic" property="topic"/>
        <result column="content" property="content"/>
        <result column="type" property="type"/>
        <result column="create_user" property="createUser"/>
        <result column="create_time" property="createTime"/>
        <result column="request_url" property="requestUrl"/>
        <result column="img_url" property="imgUrl"/>
        <result column="is_delete" property="isDelete"/>
    </resultMap>



    <sql id="base_column">
         id ,topic ,content ,`type` ,create_user ,create_time ,request_url ,img_url ,is_delete
    </sql>



    <select id="getNoDeleteList" resultMap="BaseResultMap">
        select <include refid="base_column" />
        from message_config
        <where>
            is_delete=0
            <if test="title!=null and title!=''">
                and topic like concat('%',#{title},'%')
            </if>
            <if test="createBy!=null">
                and create_user = #{createBy}
            </if>
            <if test="startDate!=null">
                and create_time &gt; #{startDate}
                and create_time &lt; #{endDate}
            </if>

        </where>
    </select>











</mapper>