<?xml version="1.0" encoding="UTF-8"?>
<!DOCTYPE mapper PUBLIC "-//mybatis.org//DTD Mapper 3.0//EN" "http://mybatis.org/dtd/mybatis-3-mapper.dtd">
<mapper namespace="com.ddcx.app.provider.loan.mapper.LoanOrderMapper">
    <resultMap id="BaseResultMap" type="com.ddcx.model.loan.LoanOrder">
        <!--
          WARNING - @mbg.generated
        -->
        <result column="id" property="id"/>
        <result column="purpose" property="purpose"/>
        <result column="amount" property="amount"/>
        <result column="repayment_amount" property="repaymentAmount"/>
        <result column="interest" property="interest"/>
        <result column="repayment_way" property="repaymentWay"/>
        <result column="time_limit" property="timeLimit"/>
        <result column="expire_date" property="expireDate"/>
        <result column="state" property="state"/>
        <result column="create_time" property="createTime"/>
        <result column="service_charge" property="serviceCharge"/>
        <result column="rate" property="rate"/>
        <result column="user_id" property="userId"/>
        <result column="user_name" property="userName"/>
        <result column="sex" property="sex"/>
        <result column="id_card" property="idCard"/>
        <result column="user_phone" property="userPhone"/>
        <result column="truck_license" property="truckLicense"/>
        <result column="motorcade_id" property="motorcadeId"/>
        <result column="motorcade_name" property="motorcadeName"/>
    </resultMap>

    <sql id="base_column">
      id,purpose,amount,repayment_amount,interest,repayment_way,time_limit,expire_date,state,create_time,service_charge,rate,user_id,user_name,sex,id_card,user_phone,truck_license,motorcade_id,motorcade_name
    </sql>

    <select id="getLoanApproveListOfPage" resultMap="BaseResultMap" parameterType="java.lang.Long">
        select  <include refid="base_column" />
        from loan_order
        where user_id=#{userId}
        order by id desc
    </select>

</mapper>