<?xml version="1.0" encoding="UTF-8"?>
<!DOCTYPE mapper PUBLIC "-//mybatis.org//DTD Mapper 3.0//EN" "http://mybatis.org/dtd/mybatis-3-mapper.dtd">
<mapper namespace="com.ddcx.app.provider.truck.mapper.MotorcadeMapper">
    <resultMap id="BaseResultMap" type="com.ddcx.model.truck.Motorcade">
        <!--
          WARNING - @mbg.generated
        -->
        <result column="id" property="id"/>
        <result column="com_name" property="comName"/>
        <result column="address" property="address"/>
        <result column="motorcade_name" property="motorcadeName"/>
        <result column="admin_id" property="adminId"/>
        <result column="state" property="state"/>
        <result column="update_time" property="updateTime"/>
        <result column="update_by" property="updateBy"/>
        <result column="create_by" property="createBy"/>
        <result column="create_time" property="createTime"/>
        <result column="com_id" property="comId"/>
        <result column="contacts_phone" property="contactsPhone"/>
        <result column="address_code" property="addressCode"/>
        <result column="address_msg" property="addressMsg"/>
        <result column="admin_name" property="adminName"/>
    </resultMap>

    <sql id="base_column">
        id,com_name,address,admin_name,contacts_phone,address_code,address_msg,motorcade_name,admin_id,state,update_time,update_by,create_by,create_time,com_id
    </sql>


</mapper>