<?xml version="1.0" encoding="UTF-8"?>
<!DOCTYPE mapper PUBLIC "-//mybatis.org//DTD Mapper 3.0//EN" "http://mybatis.org/dtd/mybatis-3-mapper.dtd">
<mapper namespace="com.ddcx.app.provider.truck.mapper.TruckMapper">
    <resultMap id="BaseResultMap" type="com.ddcx.model.truck.Truck">
        <!--
          WARNING - @mbg.generated
        -->
        <result column="id" property="id"/>
        <result column="brand" property="brand"/>
        <result column="type" property="type"/>
        <result column="load_weight" property="loadWeight"/>
        <result column="own_weight" property="ownWeight"/>
        <result column="engine_num" property="engineNum"/>
        <result column="chassis_number" property="chassisNumber"/>
        <result column="truck_num" property="truckNum"/>
        <result column="semitrailer_num" property="semitrailerNum"/>
        <result column="semitrailer_shelf_num" property="semitrailerShelfNum"/>
        <result column="state" property="state"/>
        <result column="driver_id" property="driverId"/>
        <result column="truck_owner_id" property="truckOwnerId"/>
        <result column="annual_inspection_time" property="annualInspectionTime"/>
        <result column="annual_inspection_limit_time" property="annualInspectionLimitTime"/>
        <result column="renewal_insurance_time" property="renewalInsuranceTime"/>
        <result column="renewal_insurance_limit_time" property="renewalInsuranceLimitTime"/>
        <result column="upkeep_time" property="upkeepTime"/>
        <result column="upkeep_limit_time" property="upkeepLimitTime"/>
        <result column="truck_img" property="truckImg"/>
        <result column="certificate_qualification" property="certificateQualification"/>
        <result column="vehicle_inspection" property="vehicleInspection"/>
        <result column="invoice" property="invoice"/>
        <result column="guarantee_slip" property="guaranteeSlip"/>
        <result column="locomotive_registration_certificate" property="locomotiveRegistrationCertificate"/>
        <result column="gps_data" property="gpsData"/>
        <result column="create_time" property="createTime"/>
        <result column="driver_name" property="driverName"/>
        <result column="owner_name" property="ownerName"/>
        <result column="sale_state" property="saleState"/>
        <result column="annual_inspection_valid" property="annualInspectionValid"/>
        <result column="renewal_insurance_valid" property="renewalInsuranceValid"/>
        <result column="upkeep_valid" property="upkeepValid"/>
        <result column="lng" property="lng"/>
        <result column="lat" property="lat"/>
        <result column="truck_num_color" property="truckNumColor"/>
        <result column="insurance_company" property="insuranceCompany"/>
        <result column="insurance_type" property="insuranceType"/>
        <result column="car_type" property="carType"/>
        <result column="com_id" property="comId"/>
        <result column="brand_manufacturer" property="brandManufacturer"/>
    </resultMap>

    <sql id="base_column">
        id,insurance_type,com_id,brand_manufacturer,car_type,insurance_company,truck_num_color,lng,lat,brand,`type`,sale_state,annual_inspection_valid,renewal_insurance_valid,upkeep_valid,load_weight,own_weight,engine_num,chassis_number,truck_num,semitrailer_num,semitrailer_shelf_num,state,driver_id,truck_owner_id,annual_inspection_time,annual_inspection_limit_time,renewal_insurance_time,renewal_insurance_limit_time,upkeep_time,upkeep_limit_time,truck_img,certificate_qualification,vehicle_inspection,invoice,guarantee_slip,locomotive_registration_certificate,gps_data,create_time,motorcade_id,create_by,driver_name,owner_name
    </sql>

    <update id="updateTruckARU" parameterType="com.ddcx.app.provider.api.truck.model.param.ARUParam">
        update truck
        <set>
            <if test="annualInspectionValid!=null">
                annual_inspection_time=#{annualInspectionTime},
                annual_inspection_limit_time=#{annualInspectionLimitTime},
                annual_inspection_valid=#{annualInspectionValid},
            </if>
            <if test="renewalInsuranceValid != null">
                renewal_insurance_time=#{renewalInsuranceTime},
                renewal_insurance_limit_time=#{renewalInsuranceLimitTime},
                renewal_insurance_valid=#{renewalInsuranceValid},
            </if>
            <if test="upkeepValid != null">
                upkeep_time=#{upkeepTime},
                upkeep_limit_time=#{upkeepLimitTime},
                upkeep_valid=#{upkeepValid},
            </if>
        </set>
        where id=#{truckId} and truck_owner_id=#{userId}
    </update>

</mapper>