<?xml version="1.0" encoding="UTF-8"?>
<!DOCTYPE mapper PUBLIC "-//mybatis.org//DTD Mapper 3.0//EN" "http://mybatis.org/dtd/mybatis-3-mapper.dtd">
<mapper namespace="com.ddcx.app.provider.truck.mapper.TruckTransactionMapper">
    <resultMap id="BaseResultMap" type="com.ddcx.model.truck.TruckTransaction">
        <!--
          WARNING - @mbg.generated
        -->
        <result column="id" property="id"/>
        <result column="brand" property="brand"/>
        <result column="type" property="type"/>
        <result column="engine_type" property="engineType"/>
        <result column="horsepower" property="horsepower"/>
        <result column="mileage" property="mileage"/>
        <result column="displacement" property="displacement"/>
        <result column="buy_price" property="buyPrice"/>
        <result column="sale_price" property="salePrice"/>
        <result column="picture" property="picture"/>
        <result column="new_level" property="newLevel"/>
        <result column="buy_date" property="buyDate"/>
        <result column="create_time" property="createTime"/>
        <result column="user_id" property="userId"/>
        <result column="own_address" property="ownAddress"/>
        <result column="login_date" property="loginDate"/>
        <result column="drive_type" property="driveType"/>
        <result column="e_standard" property="eStandard"/>
        <result column="truck_length" property="truckLength"/>
        <result column="load_weight" property="loadWeight"/>
        <result column="user_name" property="userName"/>
        <result column="user_phone" property="userPhone"/>
        <result column="sale_type" property="saleType"/>
        <result column="truck_id" property="truckId"/>
    </resultMap>

    <sql id="Base_Column">
    id,brand,`type`,engine_type,horsepower,mileage,displacement,buy_price,sale_price,picture,new_level,buy_date,create_time,user_id,own_address,login_date,drive_type,e_standard,truck_length,load_weight,user_name ,user_phone ,sale_type ,truck_id
  </sql>


    <select id="getTrucksOwnerPage" parameterType="com.ddcx.model.truck.TruckTransaction" resultMap="BaseResultMap">
        select
        <include refid="Base_Column"/>
        from truck_transaction
        <where>
            <if test="userId!=null">
                user_id=#{userId}
            </if>
            <if test="brand!=null and brand != ''">
                and brand=#{brand}
            </if>
            <if test="type!=null and type != ''">
                and `type`=#{type}
            </if>
        </where>
        order by create_time desc
    </select>


</mapper>